anio_denuncia,dpto_pjfs,cantidad_total,cantidad_patrimonio,cantidad_vida,cantidad_libertad,cantidad_tranquilidad,cantidad_seguridad,cantidad_otros
2019,amazonas,10788,2678,4128,719,19,625,2619
2019,ancash,45504,12147,17303,2448,63,2592,10951
2019,apurimac,16896,3485,8306,819,39,1197,3050
2019,arequipa,68892,15706,37283,2931,122,4084,8766
2019,ayacucho,24697,5858,11175,1313,35,1450,4866
2019,cajamarca,23978,6086,9986,1473,25,1258,5150
2019,callao,40525,13393,16464,2374,76,3233,4985
2019,cusco,48207,11099,21930,2351,54,5264,7509
2019,huancavelica,5465,1097,2357,264,11,195,1541
2019,huanuco,25862,5733,10873,1451,30,2386,5389
2019,ica,45051,14918,15761,2294,107,2927,9044
2019,junin,38915,8009,17210,1917,54,2202,9523
2019,la libertad,54951,20383,17692,2845,110,4864,9057
2019,lambayeque,73411,27880,25686,4527,151,3911,11256
2019,lima,340939,118612,132569,21009,2010,23369,43370
2019,loreto,22029,7127,6923,1431,56,3126,3366
2019,madre de dios,13569,3530,4966,661,22,1101,3289
2019,moquegua,10301,2586,4365,534,6,695,2115
2019,pasco,5504,1076,2370,221,17,212,1608
2019,piura,59925,19925,23755,3298,121,3706,9120
2019,puno,33594,5041,13815,1425,50,7633,5630
2019,san martin,10852,2985,4240,553,27,566,2481
2019,tacna,16459,3895,6523,775,36,1486,3744
2019,tumbes,12059,2900,4580,499,9,1164,2907
2019,ucayali,24656,8481,6336,1267,43,4287,4242
2020,amazonas,8536,2122,3132,624,14,907,1737
2020,ancash,30191,7668,12346,1592,67,2682,5836
2020,apurimac,12497,2542,6275,615,42,1027,1996
2020,arequipa,33823,8857,15263,1597,55,3321,4730
2020,ayacucho,12934,3138,5708,602,32,930,2524
2020,cajamarca,16248,3866,7119,1144,22,1055,3042
2020,callao,33369,9607,15197,2025,54,3258,3228
2020,cusco,31418,7210,14449,1708,45,3564,4442
2020,huancavelica,4635,859,2128,199,15,363,1071
2020,huanuco,19675,4018,8386,1093,20,2355,3803
2020,ica,22951,6334,7903,1344,93,3551,3726
2020,junin,35309,7862,15911,2202,117,3288,5929
2020,la libertad,36273,10429,12501,1948,59,5743,5593
2020,lambayeque,46120,17491,15859,3223,107,3268,6172
2020,lima,220308,63975,100366,14392,1029,16578,23968
2020,loreto,14236,3934,4783,993,45,2237,2244
2020,madre de dios,8779,2128,3042,525,20,1206,1858
2020,moquegua,6657,1447,3224,331,8,497,1150
2020,pasco,3943,636,1597,160,8,281,1261
2020,piura,35579,12400,13821,2092,65,2022,5179
2020,puno,17869,3248,8753,786,19,2681,2382
2020,san martin,8941,2066,3629,570,27,757,1892
2020,tacna,8997,1952,4091,493,21,839,1601
2020,tumbes,7488,1498,2889,331,3,1096,1671
2020,ucayali,12827,4208,3434,662,46,2227,2250
2021,amazonas,13988,4244,4870,941,35,948,2950
2021,ancash,39711,11007,15312,2117,72,2950,8253
2021,apurimac,16765,3701,8083,850,54,1235,2842
2021,arequipa,66862,18062,30144,3631,118,5253,9654
2021,ayacucho,25141,6944,10110,1529,66,1810,4682
2021,cajamarca,23730,6205,9714,1598,35,1377,4801
2021,callao,48972,14042,22382,3142,95,4028,5283
2021,cusco,41715,9403,17959,2233,48,5656,6416
2021,huancavelica,6426,1106,2544,347,29,733,1667
2021,huanuco,28376,6885,10695,1806,246,3513,5231
2021,ica,43200,11733,16321,2097,97,5021,7931
2021,junin,49111,11357,19879,2842,230,4572,10231
2021,la libertad,54894,16997,19792,2699,69,6574,8763
2021,lambayeque,65819,26747,20443,4107,112,4277,10133
2021,lima,275557,78652,127789,16241,1655,19847,31373
2021,loreto,17898,5482,5424,1069,56,3131,2736
2021,madre de dios,13684,3442,4709,726,25,1945,2837
2021,moquegua,9151,2302,3797,432,11,903,1706
2021,pasco,4879,960,1952,210,4,281,1472
2021,piura,53224,16455,20819,2751,103,4621,8475
2021,puno,28551,5836,13761,1252,36,2750,4916
2021,san martin,11958,3181,4438,798,42,942,2557
2021,tacna,15063,4079,5835,865,17,1195,3072
2021,tumbes,9354,1550,3180,380,23,1744,2477
2021,ucayali,12718,4104,3007,631,31,1487,3458
2022,amazonas,13746,3841,4589,1022,32,672,3590
2022,ancash,45616,13450,15462,2453,84,2680,11487
2022,apurimac,12643,2777,5515,639,39,823,2850
2022,arequipa,66592,22549,23387,3863,143,4992,11658
2022,ayacucho,24859,7671,9517,1562,107,1491,4511
2022,cajamarca,24090,6612,8656,1565,30,1699,5528
2022,callao,41948,13196,12097,1951,74,6876,7754
2022,cusco,43645,10345,17856,2756,69,4687,7932
2022,huancavelica,6516,1146,2480,377,32,600,1881
2022,huanuco,31971,8729,10322,1921,141,4293,6565
2022,ica,41014,12268,12744,2152,85,3726,10039
2022,junin,55087,14085,19985,3156,145,5036,12680
2022,la libertad,61076,21129,21001,2857,73,5946,10070
2022,lambayeque,77971,34797,20156,4050,109,6465,12394
2022,lima,279269,93122,109810,15835,1089,26147,33266
2022,loreto,20256,6930,5001,1251,57,3505,3512
2022,madre de dios,14527,3438,4591,725,18,2863,2892
2022,moquegua,10139,3023,3820,536,13,625,2122
2022,pasco,5046,1167,1728,191,5,284,1671
2022,piura,57189,20109,18315,3127,115,5479,10044
2022,puno,26094,5935,10513,1237,56,2707,5646
2022,san martin,15718,5084,5248,1228,21,542,3595
2022,tacna,15581,4561,5375,915,33,1169,3528
2022,tumbes,10214,2000,3478,413,12,1803,2508
2022,ucayali,16333,5286,3806,1022,54,2338,3827
2023,amazonas,14904,4249,4976,1123,31,766,3759
2023,ancash,47986,14501,16432,2623,60,2685,11685
2023,apurimac,16960,3902,7259,898,154,1028,3719
2023,arequipa,74524,27241,25018,4178,179,5746,12162
2023,ayacucho,28483,9257,9884,1791,136,2210,5205
2023,cajamarca,27489,8658,9107,1757,45,1598,6324
2023,callao,55940,18276,17746,3405,117,6816,9580
2023,cusco,48054,12836,17684,2802,107,5724,8901
2023,huancavelica,5844,1058,2121,306,145,330,1884
2023,huanuco,34645,10597,10677,1962,192,4221,6996
2023,ica,44079,15635,12062,2425,112,3066,10779
2023,junin,60473,16389,20251,3423,154,6069,14187
2023,la libertad,60436,22511,18245,3017,98,5998,10567
2023,lambayeque,89423,42600,21523,4784,119,7092,13305
2023,lima,360259,140053,127420,20947,1182,24775,45882
2023,loreto,23867,7997,5187,1387,55,4961,4280
2023,madre de dios,13727,4448,3746,684,53,2056,2740
2023,moquegua,10913,3334,4291,526,14,495,2253
2023,pasco,6177,1469,1829,236,5,174,2464
2023,piura,63347,23564,18042,3434,117,6493,11697
2023,puno,23859,6413,8712,1087,147,1890,5610
2023,san martin,29115,8738,10280,2332,74,1438,6253
2023,tacna,16763,5154,5458,904,30,1215,4002
2023,tumbes,10519,2230,3119,433,7,1942,2788
2023,ucayali,24793,7968,5520,1921,54,3522,5808
